seed,champion,val_latency_ms
123,logistic_regression,0.0014838882877180972
42,svm,0.032231873289371535
456,gradient_boosting,0.011226109927520156
789,logistic_regression,0.001110623124986887
999,svm,0.010856736917048693
